<?xml version="1.0" encoding="UTF-8"?>
<project-private xmlns="http://www.netbeans.org/ns/project-private/1">
    <editor-bookmarks xmlns="http://www.netbeans.org/ns/editor-bookmarks/2" lastBookmarkId="0"/>
    <open-files xmlns="http://www.netbeans.org/ns/projectui-open-files/2">
        <group>
            <file>file:/C:/Users/acer/Documents/NetBeansProjects/SWP_Project_Admin/web/admin-member.jsp</file>
            <file>file:/C:/Users/acer/Documents/NetBeansProjects/SWP_Project_Admin/src/java/controller/UserControllerServlet.java</file>
            <file>file:/C:/Users/acer/Documents/NetBeansProjects/SWP_Project_Admin/src/java/model/UserDao.java</file>
            <file>file:/C:/Users/acer/Documents/NetBeansProjects/SWP_Project_Admin/web/includes/user-detail.jsp</file>
            <file>file:/C:/Users/acer/Documents/NetBeansProjects/SWP_Project_Admin/src/java/model/main.java</file>
        </group>
    </open-files>
</project-private>
